{"cameraMode":{"drawMode":0,"name":"Shaded","section":"Shading Mode"},"sceneLighting":true,"audioPlay":false,"sceneViewState":{"m_AlwaysRefresh":false,"showFog":true,"showSkybox":true,"showFlares":true,"showImageEffects":true,"showParticleSystems":true,"showVisualEffectGraphs":true,"m_FxEnabled":true},"in2DMode":false,"pivot":{"x":9.5367431640625e-7,"y":-0.7799997329711914,"z":-0.0000019073486328125},"rotation":{"x":-0.35309845209121706,"y":-0.3845966160297394,"z":0.16205523908138276,"w":-0.8373891711235046},"size":17.32050895690918,"orthographic":true}